Fire Style,Fireball Jutsu,6,3,9,12,7,3
Fire Style,Fireball Jutsu,6,8,9,12,7,3
,Clone Jutsu,8,6,3
,Summoning Jutsu,11,12,10,9,8
,Summoning: Earth Style: Fanged Pursuit Jutsu,3,6,5,11
Fire Style,Phoenix Flower Jutsu,1,3,11,2,4,3
Water Style,Water Trumpet,5,3,4
,Summoning Jutsu: Impure World Reincarnation,3,6,11,5,13
Fire Style,Dragon Flame Jutsu,6,5,4,3
Water Style,Water Shark Bomb Jutsu,3,2,5,4,10,5,8
,Sealing Jutsu: Reaper Death Seal,6,12,8,4,11,1,10,7,6,13
Water Style,Water Dragon Jutsu,2,9,4,1,12,10,2,7,10,1,3,11,3,6,2,8,6,12,8,1,15,9,10,5,10,2,7,8,3,6,1,9,4,12,5,8,1,2,9,10,15,1,12,10
Fire Style,Dragon Flame Bomb,8,7,6,5,1,2,3
,Substitution Jutsu,8,12,2,11,6
